body_cleaned,annotation1,annotation2,gold annotation
You were crying about PS5 controllers yesterday.,You were crying about PS5 controllers yesterday.,You were crying about PS5 controllers yesterday.,You were crying about PS5 controllers yesterday.
"Surely you jest, but let's imagine them actually playing ads during the game itself. I'm sure that will distract the players and that surely won't benefit gameplay.,""Surely you jest, but let's imagine them actually playing ads during the game itself. I'm sure that will distract the @@players## and that surely won't benefit gameplay."",""Surely you jest, but let's imagine them actually playing ads during the game itself. I'm sure that will distract the @@players## and that surely won't benefit gameplay."",""Surely you jest, but let's imagine them actually playing ads during the game itself. I'm sure that will distract the @@players## and that surely won't benefit gameplay."""
Theyï¿½ï¿½ï¿½ï¿½ï¿½ï¿½ï¿½ï¿½ï¿½re both chokinï¿½ï¿½ï¿½ï¿½ï¿½ï¿½ï¿½ï¿½ï¿½ dogs. Thatï¿½ï¿½ï¿½ï¿½ï¿½ï¿½ï¿½ï¿½ï¿½s how theyï¿½ï¿½ï¿½ï¿½ï¿½ï¿½ï¿½ï¿½ï¿½re similar.,Theyï¿½ï¿½ï¿½ï¿½ï¿½ï¿½ï¿½ï¿½ï¿½re both chokinï¿½ï¿½ï¿½ï¿½ï¿½ï¿½ï¿½ï¿½ï¿½ dogs. Thatï¿½ï¿½ï¿½
More than likely its money laundering.,More than likely its money laundering.,More than likely its money laundering.,More than likely its money laundering.
"Yes, because they are the Home team, which alternates between the AFC and NFC team each Superbowl...,""Yes, because they are the @@Home team##, which alternates between the @@AFC and NFC team## each Superbowl..."",""Yes, because they are the @@Home team##, which alternates between the @@AFC and NFC team## each @@Superbowl##..."",""Yes, because they are the @@Home team##, which alternates between the @@AFC and NFC team## each @@Superbowl##..."""
Yeah. And best average just meaning the fastest time you can hold consistently through the set. Probably more semantics :-),Yeah. And best average just meaning the fastest time you can hold consistently through the set. Probably more semantics :-),Yeah. And best average just meaning the fastest time you can hold consistently through the set. Probably more semantics :-),Yeah. And best average just meaning the fastest time you can hold consistently through the set. Probably more semantics :-)
Pretty much any decent routine will work towards this goal.  ,Pretty much any decent routine will work towards this goal.  ,Pretty much any decent routine will work towards this goal.  ,Pretty much any decent routine will work towards this goal.  
"You didnï¿½ï¿½ï¿½ï¿½ï¿½ï¿½ï¿½ï¿½ï¿½t specify which photo was the ï¿½ï¿½ï¿½ï¿½ï¿½ï¿½ï¿½""You didnï¿½ï¿½ï¿½ï¿½ï¿½ï¿½ï¿½ï¿½ï¿½t specify which photo was the ï¿½ï¿½ï¿½ï¿½ï¿½ï¿½ï¿"",""You didnï¿½ï¿½ï¿½ï¿½ï¿½ï¿½ï¿½ï¿½ï¿½t specify which photo was the ï¿½ï¿½ï¿½ï¿½ï¿½ï¿½ï¿"",""You didnï¿½ï¿½ï¿½ï¿½ï¿½ï¿½ï¿½ï¿½ï¿½t specify which photo was the ï¿½ï¿½ï¿½ï¿½ï¿½ï¿½ï¿"""
Thatï¿½ï¿½ï¿½ï¿½ï¿½ï¿½ï¿½ï¿½ï¿½s why they are sending Philly fans,Thatï¿½ï¿½ï¿½ï¿½ï¿½ï¿½ï¿½ï¿½ï¿½s why they are sending @@Philly fans##,Thatï¿½ï¿½ï¿½ï¿½ï¿½ï¿½ï¿½ï¿½ï¿½s why they a
I'm sure State Farm Mahomes and Maauto got their first pick....,I'm sure @@State Farm Mahomes and Maauto## got their first pick....,I'm sure @@State Farm Mahomes and Maauto## got their first pick....,I'm sure @@State Farm Mahomes and Maauto## got their first pick....
Juan Roman Riquelme and Jorge Campos.,Juan Roman Riquelme and Jorge Campos.,Juan Roman Riquelme and Jorge Campos.,Juan Roman Riquelme and Jorge Campos.
Fired him when they fired Ronzo?,Fired him when they fired Ronzo?,Fired him when they fired Ronzo?,Fired him when they fired Ronzo?
Itï¿½ï¿½ï¿½ï¿½ï¿½ï¿½ï¿½ï¿½ï¿½s gonna play adds for Raid Shadow Legends during the game,Itï¿½ï¿½ï¿½ï¿½ï¿½ï¿½ï¿½ï¿½ï¿½s gonna play adds for Raid Shadow Legends during the game,Itï¿½ï¿½ï¿½ï¿½ï¿½ï¿½ï¿½ï¿½ï¿½s gonna play adds for Raid Shadow Legends during
"Youri Djorkaeff may have the greatest goal ever scored. Right Hojdonk, theres another great dutch attacker from the 90s,""Youri Djorkaeff may have the greatest goal ever scored. Right Hojdonk, theres another great dutch attacker from the 90s"",""Youri Djorkaeff may have the greatest goal ever scored. Right Hojdonk, theres another great dutch attacker from the 90s"",""Youri Djorkaeff may have the greatest goal ever scored. Right Hojdonk, theres another great dutch attacker from the 90s"""
You mean they will display ads.,You mean they will display ads.,You mean they will display ads.,You mean they will display ads.
DAE not really care about what other people are doing and think people should worry more about themselves?,DAE not really care about what other people are doing and think people should worry more about themselves?,DAE not really care about what other people are doing and think people should worry more about themselves?,DAE not really care about what other people are doing and think people should worry more about themselves?
Yet another loss for the jets,Yet another loss for the @@jets##,Yet another loss for the jets,Yet another loss for the @@jets##
Europeans teach the game right,@@Europeans## teach the game right,@@Europeans## teach the game right,@@Europeans## teach the game right
"There are lap counters out there. Can't say I've used them, but I've seen people with ones like this:,""There are lap counters out there. Can't say I've used them, but I've seen people with ones like this:"",""There are lap counters out there. Can't say I've used them, but I've seen people with ones like this:"",""There are lap counters out there. Can't say I've used them, but I've seen people with ones like this:"""
Hack it. Hack it. Hack it.,Hack it. Hack it. Hack it.,Hack it. Hack it. Hack it.,Hack it. Hack it. Hack it.
"That sounds about right. So, Belgian roadied invented cyclo-cross because they didn't suffer enough during winter training.,""That sounds about right. So, @@Belgian roadied## invented cyclo-cross because they didn't suffer enough during winter training."",""That sounds about right. So, Belgian roadied invented cyclo-cross because they didn't suffer enough during winter training."",""That sounds about right. So, Belgian roadied invented cyclo-cross because they didn't suffer enough during winter training."""
Apparently they had Ericoncilable differences.,Apparently they had Ericoncilable differences.,Apparently they had Ericoncilable differences.,Apparently they had Ericoncilable differences.
Luka and Jokic fat asses gonna break the glass,Luka and Jokic fat asses gonna break the glass,Luka and Jokic fat asses gonna break the glass,Luka and Jokic fat asses gonna break the glass
Practice? Practice? We're talking about practice?,Practice? Practice? We're talking about practice?,Practice? Practice? We're talking about practice?,Practice? Practice? We're talking about practice?
"Thatï¿½ï¿½ï¿½ï¿½ï¿½ï¿½ï¿½ï¿½ï¿½s great,""Thatï¿½ï¿½ï¿½ï¿½ï¿½ï¿½ï¿½ï¿½ï¿½s great, bu"",""Thatï¿½ï¿½ï¿½ï¿½ï¿½ï¿½ï¿½ï¿½ï¿½s great, bu"",""Thatï¿½ï¿½ï¿½ï¿½ï¿½ï¿½ï¿½ï¿½ï¿½s great, bu"""
The conspiracy theorists are gonna love this.,The @@conspiracy theorists## are gonna love this.,The conspiracy theorists are gonna love this.,The @@conspiracy theorists## are gonna love this.
"Fewer bike related skills maybe. The swimming, running and transitions require some skills too, and body conditioning beyond just cardio.,""Fewer bike related skills maybe. The swimming, running and transitions require some skills too, and body conditioning beyond just cardio."",""Fewer bike related skills maybe. The swimming, running and transitions require some skills too, and body conditioning beyond just cardio."",""Fewer bike related skills maybe. The swimming, running and transitions require some skills too, and body conditioning beyond just cardio."""
NBA: oops all squeaks edition,@@NBA##: oops all squeaks edition,@@NBA##: oops all squeaks edition,@@NBA##: oops all squeaks edition
And far far more dangerous,And far far more dangerous,And far far more dangerous,And far far more dangerous
Reddit doesnï¿½ï¿½ï¿½ï¿½ï¿½ï¿½ï¿½ï¿½ï¿½t like that thinking.,@@Reddit## doesnï¿½ï¿½ï¿½ï¿½ï¿½ï¿½ï¿½ï¿½ï¿½t like that thinking.,Reddit doesnï¿½ï¿½ï¿½ï¿½ï¿½ï¿
Thatï¿½ï¿½ï¿½ï¿½ï¿½ï¿½ï¿½ï¿½ï¿½s how Jokic shoots tho lol,Thatï¿½ï¿½ï¿½ï¿½ï¿½ï¿½ï¿½ï¿½ï¿½s how Jokic shoots tho lol,Thatï¿½ï¿½ï¿½ï¿½ï¿½
"Nah, the commie offense was pretty good this year with players you probably can't name.,""Nah, the commie offense was pretty good this year with @@players## you probably can't name."",""Nah, the commie offense was pretty good this year with @@players## you probably can't name."",""Nah, the commie offense was pretty good this year with @@players## you probably can't name."""
pretty standard. alternates each year between the afc and nfc team picks the facility they want,pretty standard. alternates each year between the @@afc and nfc team## picks the facility they want,pretty standard. alternates each year between the @@afc and nfc team## picks the facility they want,pretty standard. alternates each year between the @@afc and nfc team## picks the facility they want
First they ruin nhl with this interactive bullshit and now nba,First they ruin @@nhl## with this interactive bullshit and now @@nba##,First they ruin nhl with this interactive bullshit and now @@nba##,First they ruin @@nhl## with this interactive bullshit and now @@nba##
NBA! Now with Non-stop commercials during your basketball game,@@NBA##! Now with Non-stop commercials during your basketball game,@@NBA##! Now with Non-stop commercials during your basketball game,@@NBA##! Now with Non-stop commercials during your basketball game
Krusty the Clown bet against the Harlem Globetrotters once.,Krusty the Clown bet against the @@Harlem Globetrotters## once.,Krusty the Clown bet against the Harlem Globetrotters once.,Krusty the Clown bet against the Harlem Globetrotters once.
You just gotta feed them. They aren't too picky either. Just whatever pic-a-nic baskets you find lying around.,You just gotta feed them. They aren't too picky either. Just whatever pic-a-nic baskets you find lying around.,You just gotta feed them. They aren't too picky either. Just whatever pic-a-nic baskets you find lying around.,You just gotta feed them. They aren't too picky either. Just whatever pic-a-nic baskets you find lying around.
Cost the Eagles the Superbowl last year.  And the bad holding call.,Cost the @@Eagles## the Superbowl last year.  And the bad holding call.,Cost the @@Eagles## the @@Superbowl## last year.  And the bad holding call.,Cost the @@Eagles## the @@Superbowl## last year.  And the bad holding call.
"Hey now, letï¿½ï¿½ï¿½ï¿½ï¿½ï¿½ï¿½ï¿½ï¿½s take Gapi""Hey now, letï¿½ï¿½ï¿½ï¿½ï¿½ï¿½ï¿½ï¿½ï¿½s take Gap"",""Hey now, letï¿½ï¿½ï¿½ï¿½ï¿½ï¿½ï¿½ï¿½ï¿½s take Gap"",""Hey now, letï¿½ï¿½ï¿½ï¿½ï¿½ï¿½ï¿½ï¿½ï¿½s take Gap"""
"Too late, heï¿½ï¿½ï¿½ï¿½ï¿½ï¿""Too late, heï¿½ï¿½ï¿½ï¿½ï¿½ï"",""Too late, heï¿½ï¿½ï¿½ï¿½ï¿½ï"",""Too late, heï¿½ï¿½ï¿½ï¿½ï¿½ï"""
"Ah, apparently the NBA decided the IST courts weren't slippery enough.,""Ah, apparently the @@NBA## decided the IST courts weren't slippery enough."",""Ah, apparently the @@NBA## decided the IST courts weren't slippery enough."",""Ah, apparently the @@NBA## decided the IST courts weren't slippery enough."""
Better now! Thank you for your service.,Better now! Thank you for your service.,Better now! Thank you for your service.,Better now! Thank you for your service.
Totally forgot about the lions. Yea that wouldn't work,Totally forgot about the @@lions##. Yea that wouldn't work,Totally forgot about the @@lions##. Yea that wouldn't work,Totally forgot about the @@lions##. Yea that wouldn't work
Looks like someone didnï¿½ï¿½ï¿½ï¿½ï¿½ï¿½ï¿½ï¿½ï¿½t bundle their home and auto insurance,Looks like someone didnï¿½ï¿½ï¿½ï¿½ï¿½ï¿½ï¿½ï¿½ï¿½t bundle their home and auto insurance,Looks like someone didnï¿½ï¿½ï¿½ï¿½ï¿½ï¿½ï¿½ï¿½ï¿½t bundle their home and auto in
Why canï¿½ï¿½ï¿½ï¿½ï¿½ï¿½ï¿½ï¿½ï¿½t the NHL market McDavid correctly? SMH,Why canï¿½ï¿½ï¿½ï¿½ï¿½ï¿½ï¿½ï¿½ï¿½t the @@NHL## market McDavid correctly? SMH,Why canï¿½ï¿½ï¿½ï¿½ï¿½ï¿½ï¿½ï¿½ï¿½t the @@NHL## market McDa
the seed has been planted,the seed has been planted,the seed has been planted,the seed has been planted
"Damn, hopefully she can learn from those who came before her and not start organizing poker games,""Damn, hopefully she can learn from those who came before her and not start organizing poker games"",""Damn, hopefully she can learn from those who came before her and not start organizing poker games"",""Damn, hopefully she can learn from those who came before her and not start organizing poker games"""
People have this weird thing with Klay where they quite literally think heï¿½ï¿½ï¿½ï¿½ï¿½ï¿½ï¿½ï¿½ï¿½s the most selfish player ever.,People have this weird thing with Klay where they quite literally think heï¿½ï¿½ï¿½ï¿½ï¿½ï¿½ï¿½ï¿½ï¿½s the most selfish player ever.,People have this weird thing with Klay where they quite literally think heï¿½ï¿½ï¿½ï¿½ï¿½ï¿½ï¿½ï¿½ï¿½s the most selfish player ever.,People have this weird thing with Kl
"TIL!

Thanks for that detail,""TIL!"

"Thanks for that detail"",""TIL!"

"Thanks for that detail"",""TIL!"

"Thanks for that detail"""
They should just save the money for another referee for the real games for better officiating.,They should just save the money for another referee for the real games for better officiating.,They should just save the money for another referee for the real games for better officiating.,They should just save the money for another referee for the real games for better officiating.
"Interactive graphics, aka more ads,""Interactive graphics, aka more ads"",""Interactive graphics, aka more ads"",""Interactive graphics, aka more ads"""
The all donï¿½ï¿½ï¿½ï¿½ï¿½ï¿½ï¿½ï¿½ï¿½t know when itï¿½ï¿½ï¿½ï¿½ï¿½ï¿½ï¿½ï¿½ï¿½s above.,The all donï¿½ï¿½ï¿½ï¿½ï¿½ï¿½ï¿½ï¿½ï¿½t know when itï¿½ï¿½ï¿½ï¿½ï¿½ï¿½ï
"Hes still pretty sick, Saric sat out the 2nd half tonight for the same reason,""Hes still pretty sick, Saric sat out the 2nd half tonight for the same reason"",""Hes still pretty sick, Saric sat out the 2nd half tonight for the same reason"",""Hes still pretty sick, Saric sat out the 2nd half tonight for the same reason"""
"That's German for, 'The, Bart, the."",""That's German for, 'The, Bart, the."""""",""That's German for, 'The, Bart, the."""""",""That's German for, 'The, Bart, the."""""""
Get ready for next lvl ads,Get ready for next lvl ads,Get ready for next lvl ads,Get ready for next lvl ads
Somehow PG&E will get blamed for this too.,Somehow @@PG&E## will get blamed for this too.,Somehow @@PG&E## will get blamed for this too.,Somehow @@PG&E## will get blamed for this too.
They should show Janet Jacksonï¿½ï¿½ï¿½ï¿½ï¿½ï¿½ï¿½ï¿½ï¿½s Titty,They should show Janet Jacksonï¿½ï¿½ï¿½ï¿½ï¿½ï¿½ï¿½ï¿½ï¿½s Titty,They should show Janet Jacksonï¿½
"So, another conspiracy, got it. 

Thanks! Good luck out there with reality!,""So, another conspiracy, got it. "

"Thanks! Good luck out there with reality!"",""So, another conspiracy, got it. "

"Thanks! Good luck out there with reality!"",""So, another conspiracy, got it. "

"Thanks! Good luck out there with reality!"""
"check out mahogany jazz club just off bourbon, cool little joint and way more affordable than preservation hall,""check out mahogany jazz club just off bourbon, cool little joint and way more affordable than preservation hall"",""check out mahogany jazz club just off bourbon, cool little joint and way more affordable than preservation hall"",""check out mahogany jazz club just off bourbon, cool little joint and way more affordable than preservation hall"""
"How are the weight and reps coming along, are you stronger for reps than you were before? Also are you gaining bodyweight,""How are the weight and reps coming along, are you stronger for reps than you were before? Also are you gaining bodyweight"",""How are the weight and reps coming along, are you stronger for reps than you were before? Also are you gaining bodyweight"",""How are the weight and reps coming along, are you stronger for reps than you were before? Also are you gaining bodyweight"""
Even off Frankensteinï¿½ï¿½ï¿½ï¿½ï¿½ï¿½ï¿½ï¿½ï¿½s fat foot!,Even off Frankensteinï¿½ï¿½ï¿½ï¿½ï¿½ï¿½ï¿½ï¿½ï¿½s fat foot!,Even off Frankensteinï¿
The odds are not zero.,The odds are not zero.,The odds are not zero.,The odds are not zero.
NFL likes fucking with the eagles now,@@NFL## likes fucking with the @@eagles## now,@@NFL## likes fucking with the @@eagles## now,@@NFL## likes fucking with the @@eagles## now
"Weï¿½ï¿½ï¿½ï¿½ï¿½ï¿½ï¿½ï¿½ï¿½re talking about practice. 


Itï¿½ï¿½ï¿½ï""Weï¿½ï¿½ï¿½ï¿½ï¿½ï¿½ï¿½ï¿½ï¿½re "


"Itï¿½ï¿½ï¿½ï¿½ï¿½ï¿½ï¿½ï¿½ï¿½s outd"",""Weï¿½ï¿½ï¿½ï¿½ï¿½ï¿½ï¿½ï¿½ï¿½re "


"Itï¿½ï¿½ï¿½ï¿½ï¿½ï¿½ï¿½ï¿½ï¿½s outd"",""Weï¿½ï¿½ï¿½ï¿½ï¿½ï¿½ï¿½ï¿½ï¿½re "


"Itï¿½ï¿½ï¿½ï¿½ï¿½ï¿½ï¿½ï¿½ï¿½s outd"""
Gotcha. Thanks for the clarification,Gotcha. Thanks for the clarification,Gotcha. Thanks for the clarification,Gotcha. Thanks for the clarification
"More from the Netherlands, Ruud Van Nistelrooy and Dirk Kuyt. Not very flashy players but got the job done.,""More from the Netherlands, Ruud Van Nistelrooy and Dirk Kuyt. Not very flashy @@players## but got the job done."",""More from the Netherlands, Ruud Van Nistelrooy and Dirk Kuyt. Not very @@flashy players## but got the job done."",""More from the Netherlands, Ruud Van Nistelrooy and Dirk Kuyt. Not very @@flashy players## but got the job done."""
How about regular court with crowd voted/activated trap doors,How about regular court with crowd voted/activated trap doors,How about regular court with crowd voted/activated trap doors,How about regular court with crowd voted/activated trap doors
NBA Jam Mode random 5pt shots,@@NBA## Jam Mode random 5pt shots,@@NBA## Jam Mode random 5pt shots,@@NBA## Jam Mode random 5pt shots
"LOOOOOL. Bruv, you trollin right? I'll bite the bullet, did uefa pay Madrid comeback against City?,""LOOOOOL. Bruv, you trollin right? I'll bite the bullet, did @@uefa## pay @@Madrid# comeback against City?"",""LOOOOOL. Bruv, you trollin right? I'll bite the bullet, did @@uefa## pay @@Madrid## comeback against @@City##?"",""LOOOOOL. Bruv, you trollin right? I'll bite the bullet, did @@uefa## pay @@Madrid## comeback against @@City##?"""
"Downtown Plano has some great bars right near the station: Fillmore Pub, Vickery Park, Coco Beach, and McNeals,""Downtown Plano has some great bars right near the station: Fillmore Pub, Vickery Park, Coco Beach, and McNeals"",""Downtown Plano has some great bars right near the station: Fillmore Pub, Vickery Park, Coco Beach, and McNeals"",""Downtown Plano has some great bars right near the station: Fillmore Pub, Vickery Park, Coco Beach, and McNeals"""
Aka ads. Itï¿½ï¿½ï¿½ï¿½ï¿½ï¿½ï¿½ï¿½ï¿½s always ads lol,Aka ads. Itï¿½ï¿½ï¿½ï¿½ï¿½ï¿½ï¿½ï¿½ï¿½s always ads lol,Aka ads. Itï¿
Theyï¿½ï¿½ï¿½ï¿½ï¿½ï¿½ï¿½ï¿½ï¿½re gonna lose either way doesnï¿½ï¿½ï¿½ï¿½ï¿½ï¿½ï¿½ï¿½ï¿½t matter,Theyï¿½ï¿½ï¿½ï¿½ï¿½ï¿½ï¿½ï¿½ï¿½re gonna lose either way doesnï¿½ï¿½ï¿½ï¿½ï¿½ï¿½ï¿½ï¿½ï¿½t matter,T
"Hawks still don't want him, but teams like Knicks, Spurs and Nets could actually use him. Hopefully they don't become the 3rd team,""@@Hawks## still don't want him, but teams like @@Knicks, Spurs and Nets## could actually use him. Hopefully they don't become the 3rd team"",""Hawks still don't want him, but teams like @@Knicks##, @@Spurs## and @@Nets## could actually use him. Hopefully they don't become the 3rd team"",""@@Hawks## still don't want him, but teams like @@Knicks, Spurs and Nets## could actually use him. Hopefully they don't become the 3rd team"""
Should have stayed with KC.,Should have stayed with @@KC##.,Should have stayed with KC.,Should have stayed with @@KC##.
"Scored more than reaves Rui and Prince combined. Talk about selling, heï¿½ï¿½ï¿½ï¿½ï¿½ï¿½ï¿½ï¿½ï¿½s the only role ""Scored more than reaves Rui and Prince combined. Talk about selling, heï¿½ï¿½ï¿½ï¿½ï¿½ï¿½ï¿½ï¿½ï¿½s the only role"",""Scored more than reaves Rui and Prince combined. Talk about selling, heï¿½ï¿½ï¿½ï¿½ï¿½ï¿½ï¿½ï¿½ï¿½s the only role"",""Scored more than reaves Rui and Prince combined. Talk about selling, heï¿½ï¿½ï¿½ï¿½ï¿½ï¿½ï¿½ï¿½ï¿½s the only role"""
they are only there for one week,they are only there for one week,they are only there for one week,they are only there for one week
" What money has xavi spent lmao?? Also they have won the title last season. ""Keeps regressing"". It's been one season,"" What money has xavi spent lmao?? Also they have won the title last season. """"Keeps regressing"""". It's been one season"","" What money has xavi spent lmao?? Also they have won the title last season. """"Keeps regressing"""". It's been one season"","" What money has xavi spent lmao?? Also they have won the title last season. """"Keeps regressing"""". It's been one season"""
The FBI has joined the thread...,The @@FBI## has joined the thread...,The @@FBI## has joined the thread...,The @@FBI## has joined the thread...
Nothing will happen dude. Iï¿½ï¿½ï¿½ï¿½ï¿½ï¿½ï¿½ï¿½ï¿½m sure you know that.,Nothing will happen dude. Iï¿½ï¿½ï¿½ï¿½ï¿½ï¿½ï¿½ï¿½ï¿½m sure you know that.,Nothing will happen dude. Iï¿½ï¿½ï¿½ï¿½ï¿½ï¿½ï¿½ï¿½ï¿½m
They are the best. Way better than ESPN and TNT. Been watching Stu since the Chick and Stu days.,They are the best. Way better than @@ESPN and TNT##. Been watching Stu since the Chick and Stu days.,They are the best. Way better than @@ESPN and TNT##. Been watching Stu since the Chick and Stu days.,They are the best. Way better than @@ESPN and TNT##. Been watching Stu since the Chick and Stu days.
Philly fans will behead them first.,@@Philly fans## will behead them first.,@@Philly fans## will behead them first.,@@Philly fans## will behead them first.
absolutely true. some high school facilities make most colleges look cheap,absolutely true. some high school facilities make most @@colleges## look cheap,absolutely true. some high school facilities make most colleges look cheap,absolutely true. some high school facilities make most colleges look cheap
Nice now more spots for ads!,Nice now more spots for ads!,Nice now more spots for ads!,Nice now more spots for ads!
"Man, looks like they have been using those plates since the 1800s too.,""Man, looks like they have been using those plates since the 1800s too."",""Man, looks like they have been using those plates since the 1800s too."",""Man, looks like they have been using those plates since the 1800s too."""
">interactive graphics

Yeah nice try this means fuckin ads,"">interactive graphics"

"Yeah nice try this means fuckin ads"","">interactive graphics"

"Yeah nice try this means fuckin ads"","">interactive graphics"

"Yeah nice try this means fuckin ads"""
And Schwarz and Pinturault and Shiffrin...,And Schwarz and Pinturault and Shiffrin...,And Schwarz and Pinturault and Shiffrin...,And Schwarz and Pinturault and Shiffrin...
"The most recent studies show that inactive men, when exogenous testosterone, will increase their muscle mass without stimulus.,""The most recent studies show that @@inactive men##, when exogenous testosterone, will increase their muscle mass without stimulus."",""The most recent studies show that inactive @@men##, when exogenous testosterone, will increase their muscle mass without stimulus."",""The most recent studies show that inactive @@men##, when exogenous testosterone, will increase their muscle mass without stimulus."""
And you know this how?,And you know this how?,And you know this how?,And you know this how?
Hahaha grasping for straws are we?,Hahaha grasping for straws are we?,Hahaha grasping for straws are we?,Hahaha grasping for straws are we?
Damn. Canï¿½ï¿½ï¿½ï¿½ï¿½ï¿½ï¿½ï¿½ï¿½t argue with that,Damn. Canï¿½ï¿½ï¿½ï¿½ï¿½ï¿½ï¿½ï¿½ï¿½t argue with that,Damn. Canï¿
Not men who are training and now resting. Men who are not training.,Not @@men who are training and now resting##. @@Men who are not training##.,Not men who are training and now resting. Men who are not training.,Not @@men who are training and now resting##. @@Men who are not training##.
Where are the chiefs practicing at?,Where are the @@chiefs## practicing at?,Where are the @@chiefs## practicing at?,Where are the @@chiefs## practicing at?
Right under the tip off,Right under the tip off,Right under the tip off,Right under the tip off
"Sure bud. It's totally resolved, because the NFL paid off some players lmao.,""Sure bud. It's totally resolved, because the @@NFL## paid off some @@players## lmao."",""Sure bud. It's totally resolved, because the @@NFL## paid off some @@players## lmao."",""Sure bud. It's totally resolved, because the @@NFL## paid off some @@players## lmao."""
Can't wait for the Flipper Zero video.,Can't wait for the Flipper Zero video.,Can't wait for the Flipper Zero video.,Can't wait for the Flipper Zero video.
Still hinders their preparation for the game,Still hinders their preparation for the game,Still hinders their preparation for the game,Still hinders their preparation for the game
Whenï¿½ï¿½ï¿½ï¿½ï¿½ï¿½ï¿½ï¿½ï¿½s the Super Bowl prediction coming?,Whenï¿½ï¿½ï¿½ï¿½ï¿½ï¿½ï¿½ï¿½ï¿½s the Super Bowl prediction coming?,Whenï¿½ï¿½ï¿½ï¿½ï¿½ï¿½ï¿½ï¿½ï¿½s the @@Super 
hell yeah man. those are the results some people pray for!! stay consistent and stay patient brother ,hell yeah man. those are the results some people pray for!! stay consistent and stay patient brother ,hell yeah man. those are the results some people pray for!! stay consistent and stay patient brother ,hell yeah man. those are the results some people pray for!! stay consistent and stay patient brother 
"Tigernu backpack, iPhone and AirPods, and big water bottle. Wish there were more restrooms available along the route.,""Tigernu backpack, iPhone and AirPods, and big water bottle. Wish there were more restrooms available along the route."",""Tigernu backpack, iPhone and AirPods, and big water bottle. Wish there were more restrooms available along the route."",""Tigernu backpack, iPhone and AirPods, and big water bottle. Wish there were more restrooms available along the route."""
It's not the main sport here mate. It's cricket. You'll see children play cricket everywhere but very few play football.,It's not the main sport here mate. It's cricket. You'll see @@children## play cricket everywhere but very few play football.,It's not the main sport here mate. It's cricket. You'll see @@children## play cricket everywhere but very few play football.,It's not the main sport here mate. It's cricket. You'll see @@children## play cricket everywhere but very few play football.
